{
  "doc-862a31fbc91692df792ff9ee7aee6a66": {
    "relation_pairs": [
      [
        "City",
        "Location"
      ]
    ],
    "count": 1,
    "create_time": 1761960793,
    "update_time": 1761960793,
    "_id": "doc-862a31fbc91692df792ff9ee7aee6a66"
  },
  "doc-7820ba0c95a8c9909514dafe97d48d16": {
    "relation_pairs": [
      [
        "City",
        "Location"
      ]
    ],
    "count": 1,
    "create_time": 1761961049,
    "update_time": 1761961049,
    "_id": "doc-7820ba0c95a8c9909514dafe97d48d16"
  },
  "doc-54225a32912f01f4b36585cf3af274fa": {
    "relation_pairs": [
      [
        "Location",
        "Manaus"
      ]
    ],
    "count": 1,
    "create_time": 1761961308,
    "update_time": 1761961308,
    "_id": "doc-54225a32912f01f4b36585cf3af274fa"
  }
}