{
  "City": {
    "chunk_ids": [
      "chunk-862a31fbc91692df792ff9ee7aee6a66",
      "chunk-7820ba0c95a8c9909514dafe97d48d16"
    ],
    "count": 2,
    "update_time": 1761961048,
    "_id": "City"
  },
  "Location": {
    "chunk_ids": [
      "chunk-862a31fbc91692df792ff9ee7aee6a66",
      "chunk-7820ba0c95a8c9909514dafe97d48d16",
      "chunk-54225a32912f01f4b36585cf3af274fa"
    ],
    "count": 3,
    "update_time": 1761961308,
    "_id": "Location"
  },
  "Temperature": {
    "chunk_ids": [
      "chunk-89c86c345c8b6693e28078597990096a",
      "chunk-2af8b8baef6c7fe026f8ae7ac3b62ef0",
      "chunk-5595484a71f7b65fed18816757b4e3eb"
    ],
    "count": 3,
    "update_time": 1761961462,
    "_id": "Temperature"
  },
  "Manaus": {
    "chunk_ids": [
      "chunk-54225a32912f01f4b36585cf3af274fa"
    ],
    "count": 1,
    "create_time": 1761961308,
    "update_time": 1761961308,
    "_id": "Manaus"
  }
}