{
  "doc-b0623d03e3b22d1b2d7e39cb0ee59638": {
    "status": "processed",
    "chunks_count": 1,
    "chunks_list": [
      "chunk-b0623d03e3b22d1b2d7e39cb0ee59638"
    ],
    "content_summary": "City: Fortaleza; Date: 2024-03-02; Max temperature: 32°C; Min temperature: 26°C; Condition: Cloudy.",
    "content_length": 99,
    "created_at": "2025-11-01T01:32:42.604301+00:00",
    "updated_at": "2025-11-01T01:33:01.328211+00:00",
    "file_path": "unknown_source",
    "track_id": "insert_20251031_223242_3c323dd5",
    "metadata": {
      "processing_start_time": 1761960762,
      "processing_end_time": 1761960781
    }
  },
  "doc-862a31fbc91692df792ff9ee7aee6a66": {
    "status": "processed",
    "chunks_count": 1,
    "chunks_list": [
      "chunk-862a31fbc91692df792ff9ee7aee6a66"
    ],
    "content_summary": "City: Porto Alegre; Date: 2024-03-02; Max temperature: 28°C; Min temperature: 19°C; Condition: Sunny.",
    "content_length": 101,
    "created_at": "2025-11-01T01:33:01.336531+00:00",
    "updated_at": "2025-11-01T01:33:13.637226+00:00",
    "file_path": "unknown_source",
    "track_id": "insert_20251031_223301_a52ea205",
    "metadata": {
      "processing_start_time": 1761960781,
      "processing_end_time": 1761960793
    }
  },
  "doc-ef022d0707ab68aad2d7e71b98beaff3": {
    "status": "processed",
    "chunks_count": 1,
    "chunks_list": [
      "chunk-ef022d0707ab68aad2d7e71b98beaff3"
    ],
    "content_summary": "City: Manaus; Date: 2024-03-02; Max temperature: 33°C; Min temperature: 26°C; Condition: Rainy.",
    "content_length": 95,
    "created_at": "2025-11-01T01:33:13.642528+00:00",
    "updated_at": "2025-11-01T01:33:26.107162+00:00",
    "file_path": "unknown_source",
    "track_id": "insert_20251031_223313_469511af",
    "metadata": {
      "processing_start_time": 1761960793,
      "processing_end_time": 1761960806
    }
  },
  "doc-cff55fb194ae1be9e60200d5a54be7bd": {
    "status": "processed",
    "chunks_count": 1,
    "chunks_list": [
      "chunk-cff55fb194ae1be9e60200d5a54be7bd"
    ],
    "content_summary": "City: São Paulo; Date: 2024-03-03; Max temperature: 29°C; Min temperature: 22°C; Condition: Sunny.",
    "content_length": 98,
    "created_at": "2025-11-01T01:33:26.113907+00:00",
    "updated_at": "2025-11-01T01:33:40.485345+00:00",
    "file_path": "unknown_source",
    "track_id": "insert_20251031_223326_37fbfed4",
    "metadata": {
      "processing_start_time": 1761960806,
      "processing_end_time": 1761960820
    }
  },
  "doc-a89d3941b8ba70564d916bff1a09818a": {
    "status": "processed",
    "chunks_count": 1,
    "chunks_list": [
      "chunk-a89d3941b8ba70564d916bff1a09818a"
    ],
    "content_summary": "City: Fortaleza; Date: 2024-03-03; Max temperature: 31°C; Min temperature: 25°C; Condition: Rainy.",
    "content_length": 98,
    "created_at": "2025-11-01T01:33:40.493786+00:00",
    "updated_at": "2025-11-01T01:33:54.704245+00:00",
    "file_path": "unknown_source",
    "track_id": "insert_20251031_223340_c77b8664",
    "metadata": {
      "processing_start_time": 1761960820,
      "processing_end_time": 1761960834
    }
  },
  "doc-7b53babca7a0318765b1ea7c2ac03a68": {
    "status": "processed",
    "chunks_count": 1,
    "chunks_list": [
      "chunk-7b53babca7a0318765b1ea7c2ac03a68"
    ],
    "content_summary": "City: Porto Alegre; Date: 2024-03-03; Max temperature: 27°C; Min temperature: 18°C; Condition: Rainy.",
    "content_length": 101,
    "created_at": "2025-11-01T01:33:54.711095+00:00",
    "updated_at": "2025-11-01T01:34:06.142076+00:00",
    "file_path": "unknown_source",
    "track_id": "insert_20251031_223354_950aee24",
    "metadata": {
      "processing_start_time": 1761960834,
      "processing_end_time": 1761960846
    }
  },
  "doc-ee104d6f16bf2866a6dc1e7139f5f0b7": {
    "status": "processed",
    "chunks_count": 1,
    "chunks_list": [
      "chunk-ee104d6f16bf2866a6dc1e7139f5f0b7"
    ],
    "content_summary": "City: Manaus; Date: 2024-03-03; Max temperature: 34°C; Min temperature: 27°C; Condition: Sunny.",
    "content_length": 95,
    "created_at": "2025-11-01T01:34:06.148121+00:00",
    "updated_at": "2025-11-01T01:34:21.761167+00:00",
    "file_path": "unknown_source",
    "track_id": "insert_20251031_223406_999a76ae",
    "metadata": {
      "processing_start_time": 1761960846,
      "processing_end_time": 1761960861
    }
  },
  "doc-cb60d4ec2fe7493993ed0de180c0b3dc": {
    "status": "processed",
    "chunks_count": 1,
    "chunks_list": [
      "chunk-cb60d4ec2fe7493993ed0de180c0b3dc"
    ],
    "content_summary": "City: Recife; Date: 2024-03-04; Max temperature: 28°C; Min temperature: 23°C; Condition: Rainy.",
    "content_length": 95,
    "created_at": "2025-11-01T01:34:21.767919+00:00",
    "updated_at": "2025-11-01T01:34:33.946497+00:00",
    "file_path": "unknown_source",
    "track_id": "insert_20251031_223421_fcc07698",
    "metadata": {
      "processing_start_time": 1761960861,
      "processing_end_time": 1761960873
    }
  },
  "doc-b9de8c8d36b4690740b867042f6581e7": {
    "status": "processed",
    "chunks_count": 1,
    "chunks_list": [
      "chunk-b9de8c8d36b4690740b867042f6581e7"
    ],
    "content_summary": "City: São Paulo; Date: 2024-03-04; Max temperature: 25°C; Min temperature: 19°C; Condition: Rainy.",
    "content_length": 98,
    "created_at": "2025-11-01T01:34:33.954093+00:00",
    "updated_at": "2025-11-01T01:34:44.437206+00:00",
    "file_path": "unknown_source",
    "track_id": "insert_20251031_223433_6287ecee",
    "metadata": {
      "processing_start_time": 1761960873,
      "processing_end_time": 1761960884
    }
  },
  "doc-7f92b0149098a34a4cc6e26c29e38665": {
    "status": "processed",
    "chunks_count": 1,
    "chunks_list": [
      "chunk-7f92b0149098a34a4cc6e26c29e38665"
    ],
    "content_summary": "City: Fortaleza; Date: 2024-03-04; Max temperature: 33°C; Min temperature: 26°C; Condition: Sunny.",
    "content_length": 98,
    "created_at": "2025-11-01T01:34:44.447168+00:00",
    "updated_at": "2025-11-01T01:34:59.412624+00:00",
    "file_path": "unknown_source",
    "track_id": "insert_20251031_223444_97e86984",
    "metadata": {
      "processing_start_time": 1761960884,
      "processing_end_time": 1761960899
    }
  },
  "doc-9191e1196012e8113edc823dec3f455a": {
    "status": "processed",
    "chunks_count": 1,
    "chunks_list": [
      "chunk-9191e1196012e8113edc823dec3f455a"
    ],
    "content_summary": "City: Porto Alegre; Date: 2024-03-04; Max temperature: 29°C; Min temperature: 20°C; Condition: Sunny.",
    "content_length": 101,
    "created_at": "2025-11-01T01:34:59.425094+00:00",
    "updated_at": "2025-11-01T01:35:13.929705+00:00",
    "file_path": "unknown_source",
    "track_id": "insert_20251031_223459_f7f8c33b",
    "metadata": {
      "processing_start_time": 1761960899,
      "processing_end_time": 1761960913
    }
  },
  "doc-b1623ef74f62735f75b7dc1b1a1356bc": {
    "status": "processed",
    "chunks_count": 1,
    "chunks_list": [
      "chunk-b1623ef74f62735f75b7dc1b1a1356bc"
    ],
    "content_summary": "City: Manaus; Date: 2024-03-04; Max temperature: 35°C; Min temperature: 27°C; Condition: Cloudy.",
    "content_length": 96,
    "created_at": "2025-11-01T01:35:13.945217+00:00",
    "updated_at": "2025-11-01T01:35:26.202261+00:00",
    "file_path": "unknown_source",
    "track_id": "insert_20251031_223513_c6568abd",
    "metadata": {
      "processing_start_time": 1761960913,
      "processing_end_time": 1761960926
    }
  },
  "doc-62d1772a4a43d3e0ab3856c2a0a8a86e": {
    "status": "processed",
    "chunks_count": 1,
    "chunks_list": [
      "chunk-62d1772a4a43d3e0ab3856c2a0a8a86e"
    ],
    "content_summary": "City: Recife; Date: 2024-03-05; Max temperature: 30°C; Min temperature: 24°C; Condition: Sunny.",
    "content_length": 95,
    "created_at": "2025-11-01T01:35:26.214972+00:00",
    "updated_at": "2025-11-01T01:35:39.752086+00:00",
    "file_path": "unknown_source",
    "track_id": "insert_20251031_223526_18cafde5",
    "metadata": {
      "processing_start_time": 1761960926,
      "processing_end_time": 1761960939
    }
  },
  "doc-9114372da03d0807226ed2011430cb5f": {
    "status": "processed",
    "chunks_count": 1,
    "chunks_list": [
      "chunk-9114372da03d0807226ed2011430cb5f"
    ],
    "content_summary": "City: São Paulo; Date: 2024-03-05; Max temperature: 26°C; Min temperature: 18°C; Condition: Cloudy.",
    "content_length": 99,
    "created_at": "2025-11-01T01:35:39.765529+00:00",
    "updated_at": "2025-11-01T01:35:53.350120+00:00",
    "file_path": "unknown_source",
    "track_id": "insert_20251031_223539_f8438365",
    "metadata": {
      "processing_start_time": 1761960939,
      "processing_end_time": 1761960953
    }
  },
  "doc-3b8daf4434ea75fe906a20783179623c": {
    "status": "processed",
    "chunks_count": 1,
    "chunks_list": [
      "chunk-3b8daf4434ea75fe906a20783179623c"
    ],
    "content_summary": "City: Fortaleza; Date: 2024-03-05; Max temperature: 34°C; Min temperature: 27°C; Condition: Sunny.",
    "content_length": 98,
    "created_at": "2025-11-01T01:35:53.367618+00:00",
    "updated_at": "2025-11-01T01:36:14.683446+00:00",
    "file_path": "unknown_source",
    "track_id": "insert_20251031_223553_c9236757",
    "metadata": {
      "processing_start_time": 1761960953,
      "processing_end_time": 1761960974
    }
  },
  "doc-8fff3fab9bb211f1fdc69e6d4b8422d9": {
    "status": "processed",
    "chunks_count": 1,
    "chunks_list": [
      "chunk-8fff3fab9bb211f1fdc69e6d4b8422d9"
    ],
    "content_summary": "City: Porto Alegre; Date: 2024-03-05; Max temperature: 28°C; Min temperature: 19°C; Condition: Cloudy.",
    "content_length": 102,
    "created_at": "2025-11-01T01:36:14.696882+00:00",
    "updated_at": "2025-11-01T01:36:28.052853+00:00",
    "file_path": "unknown_source",
    "track_id": "insert_20251031_223614_b2fb8046",
    "metadata": {
      "processing_start_time": 1761960974,
      "processing_end_time": 1761960988
    }
  },
  "doc-a549e8d2856b53ba888a37574e9a4b0c": {
    "status": "processed",
    "chunks_count": 1,
    "chunks_list": [
      "chunk-a549e8d2856b53ba888a37574e9a4b0c"
    ],
    "content_summary": "City: Manaus; Date: 2024-03-05; Max temperature: 33°C; Min temperature: 26°C; Condition: Rainy.",
    "content_length": 95,
    "created_at": "2025-11-01T01:36:28.069648+00:00",
    "updated_at": "2025-11-01T01:36:46.186616+00:00",
    "file_path": "unknown_source",
    "track_id": "insert_20251031_223628_262e30cf",
    "metadata": {
      "processing_start_time": 1761960988,
      "processing_end_time": 1761961006
    }
  },
  "doc-68f4234b8113728132c51a4aded30826": {
    "status": "processed",
    "chunks_count": 1,
    "chunks_list": [
      "chunk-68f4234b8113728132c51a4aded30826"
    ],
    "content_summary": "City: Recife; Date: 2024-03-06; Max temperature: 32°C; Min temperature: 25°C; Condition: Sunny.",
    "content_length": 95,
    "created_at": "2025-11-01T01:36:46.202341+00:00",
    "updated_at": "2025-11-01T01:36:59.951144+00:00",
    "file_path": "unknown_source",
    "track_id": "insert_20251031_223646_189caa82",
    "metadata": {
      "processing_start_time": 1761961006,
      "processing_end_time": 1761961019
    }
  },
  "doc-68f0592e1053064b2d23ef1b0db055b6": {
    "status": "processed",
    "chunks_count": 1,
    "chunks_list": [
      "chunk-68f0592e1053064b2d23ef1b0db055b6"
    ],
    "content_summary": "City: São Paulo; Date: 2024-03-06; Max temperature: 27°C; Min temperature: 19°C; Condition: Sunny.",
    "content_length": 98,
    "created_at": "2025-11-01T01:36:59.968050+00:00",
    "updated_at": "2025-11-01T01:37:13.559771+00:00",
    "file_path": "unknown_source",
    "track_id": "insert_20251031_223659_4ea2924e",
    "metadata": {
      "processing_start_time": 1761961019,
      "processing_end_time": 1761961033
    }
  },
  "doc-7820ba0c95a8c9909514dafe97d48d16": {
    "status": "processed",
    "chunks_count": 1,
    "chunks_list": [
      "chunk-7820ba0c95a8c9909514dafe97d48d16"
    ],
    "content_summary": "City: Fortaleza; Date: 2024-03-06; Max temperature: 33°C; Min temperature: 26°C; Condition: Cloudy.",
    "content_length": 99,
    "created_at": "2025-11-01T01:37:13.580235+00:00",
    "updated_at": "2025-11-01T01:37:29.189633+00:00",
    "file_path": "unknown_source",
    "track_id": "insert_20251031_223713_8528b724",
    "metadata": {
      "processing_start_time": 1761961033,
      "processing_end_time": 1761961049
    }
  },
  "doc-fca40557a05fcb1fcb46f985cbdfd8f0": {
    "status": "processed",
    "chunks_count": 1,
    "chunks_list": [
      "chunk-fca40557a05fcb1fcb46f985cbdfd8f0"
    ],
    "content_summary": "City: Porto Alegre; Date: 2024-03-06; Max temperature: 27°C; Min temperature: 18°C; Condition: Rainy.",
    "content_length": 101,
    "created_at": "2025-11-01T01:37:29.208017+00:00",
    "updated_at": "2025-11-01T01:37:41.471249+00:00",
    "file_path": "unknown_source",
    "track_id": "insert_20251031_223729_74df7631",
    "metadata": {
      "processing_start_time": 1761961049,
      "processing_end_time": 1761961061
    }
  },
  "doc-0d9299272b4dcd53f5f2d4c09f9d2daa": {
    "status": "processed",
    "chunks_count": 1,
    "chunks_list": [
      "chunk-0d9299272b4dcd53f5f2d4c09f9d2daa"
    ],
    "content_summary": "City: Manaus; Date: 2024-03-06; Max temperature: 32°C; Min temperature: 25°C; Condition: Sunny.",
    "content_length": 95,
    "created_at": "2025-11-01T01:37:41.489750+00:00",
    "updated_at": "2025-11-01T01:37:54.696196+00:00",
    "file_path": "unknown_source",
    "track_id": "insert_20251031_223741_af79c061",
    "metadata": {
      "processing_start_time": 1761961061,
      "processing_end_time": 1761961074
    }
  },
  "doc-8e472885bf01873a7dd803de2b306166": {
    "status": "processed",
    "chunks_count": 1,
    "chunks_list": [
      "chunk-8e472885bf01873a7dd803de2b306166"
    ],
    "content_summary": "City: Recife; Date: 2024-03-07; Max temperature: 33°C; Min temperature: 26°C; Condition: Sunny.",
    "content_length": 95,
    "created_at": "2025-11-01T01:37:54.715926+00:00",
    "updated_at": "2025-11-01T01:38:06.752530+00:00",
    "file_path": "unknown_source",
    "track_id": "insert_20251031_223754_7493af8f",
    "metadata": {
      "processing_start_time": 1761961074,
      "processing_end_time": 1761961086
    }
  },
  "doc-ef4c2d1af9744533444e3eb829eb256f": {
    "status": "processed",
    "chunks_count": 1,
    "chunks_list": [
      "chunk-ef4c2d1af9744533444e3eb829eb256f"
    ],
    "content_summary": "City: São Paulo; Date: 2024-03-07; Max temperature: 30°C; Min temperature: 21°C; Condition: Sunny.",
    "content_length": 98,
    "created_at": "2025-11-01T01:38:06.774982+00:00",
    "updated_at": "2025-11-01T01:38:22.197478+00:00",
    "file_path": "unknown_source",
    "track_id": "insert_20251031_223806_9e2cb5c0",
    "metadata": {
      "processing_start_time": 1761961086,
      "processing_end_time": 1761961102
    }
  },
  "doc-57f0dbb2c56380a005a61e6e27a870f5": {
    "status": "processed",
    "chunks_count": 1,
    "chunks_list": [
      "chunk-57f0dbb2c56380a005a61e6e27a870f5"
    ],
    "content_summary": "City: Fortaleza; Date: 2024-03-07; Max temperature: 31°C; Min temperature: 25°C; Condition: Rainy.",
    "content_length": 98,
    "created_at": "2025-11-01T01:38:22.221091+00:00",
    "updated_at": "2025-11-01T01:38:34.746578+00:00",
    "file_path": "unknown_source",
    "track_id": "insert_20251031_223822_e591251e",
    "metadata": {
      "processing_start_time": 1761961102,
      "processing_end_time": 1761961114
    }
  },
  "doc-efc53f51a2df74428f908d859a153bb6": {
    "status": "processed",
    "chunks_count": 1,
    "chunks_list": [
      "chunk-efc53f51a2df74428f908d859a153bb6"
    ],
    "content_summary": "City: Porto Alegre; Date: 2024-03-07; Max temperature: 30°C; Min temperature: 21°C; Condition: Sunny.",
    "content_length": 101,
    "created_at": "2025-11-01T01:38:34.764710+00:00",
    "updated_at": "2025-11-01T01:38:50.776788+00:00",
    "file_path": "unknown_source",
    "track_id": "insert_20251031_223834_75c1f6bd",
    "metadata": {
      "processing_start_time": 1761961114,
      "processing_end_time": 1761961130
    }
  },
  "doc-4e7d9b4689195a3de2df16a01d2a2600": {
    "status": "processed",
    "chunks_count": 1,
    "chunks_list": [
      "chunk-4e7d9b4689195a3de2df16a01d2a2600"
    ],
    "content_summary": "City: Manaus; Date: 2024-03-07; Max temperature: 34°C; Min temperature: 26°C; Condition: Sunny.",
    "content_length": 95,
    "created_at": "2025-11-01T01:38:50.799943+00:00",
    "updated_at": "2025-11-01T01:39:08.432856+00:00",
    "file_path": "unknown_source",
    "track_id": "insert_20251031_223850_73141c25",
    "metadata": {
      "processing_start_time": 1761961130,
      "processing_end_time": 1761961148
    }
  },
  "doc-4644567629a0f00f170385ec29353aaa": {
    "status": "processed",
    "chunks_count": 1,
    "chunks_list": [
      "chunk-4644567629a0f00f170385ec29353aaa"
    ],
    "content_summary": "City: Recife; Date: 2024-03-08; Max temperature: 31°C; Min temperature: 25°C; Condition: Cloudy.",
    "content_length": 96,
    "created_at": "2025-11-01T01:39:08.455235+00:00",
    "updated_at": "2025-11-01T01:39:23.923151+00:00",
    "file_path": "unknown_source",
    "track_id": "insert_20251031_223908_bbce3266",
    "metadata": {
      "processing_start_time": 1761961148,
      "processing_end_time": 1761961163
    }
  },
  "doc-89c86c345c8b6693e28078597990096a": {
    "status": "processed",
    "chunks_count": 1,
    "chunks_list": [
      "chunk-89c86c345c8b6693e28078597990096a"
    ],
    "content_summary": "City: São Paulo; Date: 2024-03-08; Max temperature: 28°C; Min temperature: 20°C; Condition: Cloudy.",
    "content_length": 99,
    "created_at": "2025-11-01T01:39:23.947582+00:00",
    "updated_at": "2025-11-01T01:39:39.053814+00:00",
    "file_path": "unknown_source",
    "track_id": "insert_20251031_223923_9f50cd28",
    "metadata": {
      "processing_start_time": 1761961163,
      "processing_end_time": 1761961179
    }
  },
  "doc-e6efabe0f42c51b39704b0fde6e29c31": {
    "status": "processed",
    "chunks_count": 1,
    "chunks_list": [
      "chunk-e6efabe0f42c51b39704b0fde6e29c31"
    ],
    "content_summary": "City: Fortaleza; Date: 2024-03-08; Max temperature: 32°C; Min temperature: 26°C; Condition: Sunny.",
    "content_length": 98,
    "created_at": "2025-11-01T01:39:39.087044+00:00",
    "updated_at": "2025-11-01T01:39:55.991163+00:00",
    "file_path": "unknown_source",
    "track_id": "insert_20251031_223939_ba72a119",
    "metadata": {
      "processing_start_time": 1761961179,
      "processing_end_time": 1761961195
    }
  },
  "doc-fe58a7f815baadb57f9d21f49f9bb62a": {
    "status": "processed",
    "chunks_count": 1,
    "chunks_list": [
      "chunk-fe58a7f815baadb57f9d21f49f9bb62a"
    ],
    "content_summary": "City: Porto Alegre; Date: 2024-03-08; Max temperature: 29°C; Min temperature: 20°C; Condition: Cloudy.",
    "content_length": 102,
    "created_at": "2025-11-01T01:39:56.018662+00:00",
    "updated_at": "2025-11-01T01:40:08.591061+00:00",
    "file_path": "unknown_source",
    "track_id": "insert_20251031_223956_64c55bdc",
    "metadata": {
      "processing_start_time": 1761961196,
      "processing_end_time": 1761961208
    }
  },
  "doc-dea42e707563a664be2e30bd29e86d87": {
    "status": "processed",
    "chunks_count": 1,
    "chunks_list": [
      "chunk-dea42e707563a664be2e30bd29e86d87"
    ],
    "content_summary": "City: Manaus; Date: 2024-03-08; Max temperature: 35°C; Min temperature: 27°C; Condition: Cloudy.",
    "content_length": 96,
    "created_at": "2025-11-01T01:40:08.620867+00:00",
    "updated_at": "2025-11-01T01:40:23.735790+00:00",
    "file_path": "unknown_source",
    "track_id": "insert_20251031_224008_5e0acbd2",
    "metadata": {
      "processing_start_time": 1761961208,
      "processing_end_time": 1761961223
    }
  },
  "doc-b235f1f4641f3ef0eaa7ff934ad503ca": {
    "status": "processed",
    "chunks_count": 1,
    "chunks_list": [
      "chunk-b235f1f4641f3ef0eaa7ff934ad503ca"
    ],
    "content_summary": "City: Recife; Date: 2024-03-01; Max temperature: 31°C; Min temperature: 25°C; Condition: Sunny.",
    "content_length": 95,
    "created_at": "2025-11-01T01:40:23.759316+00:00",
    "updated_at": "2025-11-01T01:40:39.077577+00:00",
    "file_path": "unknown_source",
    "track_id": "insert_20251031_224023_696d0a6a",
    "metadata": {
      "processing_start_time": 1761961223,
      "processing_end_time": 1761961239
    }
  },
  "doc-ddcaa5f49a7c81a49e6737547c1edf9c": {
    "status": "processed",
    "chunks_count": 1,
    "chunks_list": [
      "chunk-ddcaa5f49a7c81a49e6737547c1edf9c"
    ],
    "content_summary": "City: Recife; Date: 2024-03-09; Max temperature: 29°C; Min temperature: 24°C; Condition: Rainy.",
    "content_length": 95,
    "created_at": "2025-11-01T01:40:39.114872+00:00",
    "updated_at": "2025-11-01T01:40:52.681122+00:00",
    "file_path": "unknown_source",
    "track_id": "insert_20251031_224039_ea1f2075",
    "metadata": {
      "processing_start_time": 1761961239,
      "processing_end_time": 1761961252
    }
  },
  "doc-da85a979cce88f67b8c8945e47c62e93": {
    "status": "processed",
    "chunks_count": 1,
    "chunks_list": [
      "chunk-da85a979cce88f67b8c8945e47c62e93"
    ],
    "content_summary": "City: São Paulo; Date: 2024-03-09; Max temperature: 26°C; Min temperature: 19°C; Condition: Rainy.",
    "content_length": 98,
    "created_at": "2025-11-01T01:40:52.709419+00:00",
    "updated_at": "2025-11-01T01:41:07.130092+00:00",
    "file_path": "unknown_source",
    "track_id": "insert_20251031_224052_747dcef3",
    "metadata": {
      "processing_start_time": 1761961252,
      "processing_end_time": 1761961267
    }
  },
  "doc-36124fd1c9a60f50185d236371e545dc": {
    "status": "processed",
    "chunks_count": 1,
    "chunks_list": [
      "chunk-36124fd1c9a60f50185d236371e545dc"
    ],
    "content_summary": "City: Fortaleza; Date: 2024-03-09; Max temperature: 33°C; Min temperature: 27°C; Condition: Sunny.",
    "content_length": 98,
    "created_at": "2025-11-01T01:41:07.161342+00:00",
    "updated_at": "2025-11-01T01:41:20.556993+00:00",
    "file_path": "unknown_source",
    "track_id": "insert_20251031_224107_f8119332",
    "metadata": {
      "processing_start_time": 1761961267,
      "processing_end_time": 1761961280
    }
  },
  "doc-33133e5bccb058ffcfc2ad83d8f456c5": {
    "status": "processed",
    "chunks_count": 1,
    "chunks_list": [
      "chunk-33133e5bccb058ffcfc2ad83d8f456c5"
    ],
    "content_summary": "City: Porto Alegre; Date: 2024-03-09; Max temperature: 26°C; Min temperature: 18°C; Condition: Rainy.",
    "content_length": 101,
    "created_at": "2025-11-01T01:41:20.583319+00:00",
    "updated_at": "2025-11-01T01:41:33.263072+00:00",
    "file_path": "unknown_source",
    "track_id": "insert_20251031_224120_711e28ad",
    "metadata": {
      "processing_start_time": 1761961280,
      "processing_end_time": 1761961293
    }
  },
  "doc-54225a32912f01f4b36585cf3af274fa": {
    "status": "processed",
    "chunks_count": 1,
    "chunks_list": [
      "chunk-54225a32912f01f4b36585cf3af274fa"
    ],
    "content_summary": "City: Manaus; Date: 2024-03-09; Max temperature: 33°C; Min temperature: 26°C; Condition: Rainy.",
    "content_length": 95,
    "created_at": "2025-11-01T01:41:33.292696+00:00",
    "updated_at": "2025-11-01T01:41:48.396812+00:00",
    "file_path": "unknown_source",
    "track_id": "insert_20251031_224133_5c9a2dae",
    "metadata": {
      "processing_start_time": 1761961293,
      "processing_end_time": 1761961308
    }
  },
  "doc-d26f1b08ed3a8d1d7589b89d65e06673": {
    "status": "processed",
    "chunks_count": 1,
    "chunks_list": [
      "chunk-d26f1b08ed3a8d1d7589b89d65e06673"
    ],
    "content_summary": "City: Recife; Date: 2024-03-02; Max temperature: 30°C; Min temperature: 25°C; Condition: Cloudy.",
    "content_length": 96,
    "created_at": "2025-11-01T01:41:48.435505+00:00",
    "updated_at": "2025-11-01T01:42:03.232706+00:00",
    "file_path": "unknown_source",
    "track_id": "insert_20251031_224148_3f456d49",
    "metadata": {
      "processing_start_time": 1761961308,
      "processing_end_time": 1761961323
    }
  },
  "doc-1f70ae048f216d3b09ad59605dc190c1": {
    "status": "processed",
    "chunks_count": 1,
    "chunks_list": [
      "chunk-1f70ae048f216d3b09ad59605dc190c1"
    ],
    "content_summary": "City: Recife; Date: 2024-03-10; Max temperature: 30°C; Min temperature: 24°C; Condition: Cloudy.",
    "content_length": 96,
    "created_at": "2025-11-01T01:42:03.276792+00:00",
    "updated_at": "2025-11-01T01:42:17.496701+00:00",
    "file_path": "unknown_source",
    "track_id": "insert_20251031_224203_1a0fdd2d",
    "metadata": {
      "processing_start_time": 1761961323,
      "processing_end_time": 1761961337
    }
  },
  "doc-681ee3e247d5e5be1ea8f65353b867fb": {
    "status": "processed",
    "chunks_count": 1,
    "chunks_list": [
      "chunk-681ee3e247d5e5be1ea8f65353b867fb"
    ],
    "content_summary": "City: São Paulo; Date: 2024-03-10; Max temperature: 25°C; Min temperature: 18°C; Condition: Rainy.",
    "content_length": 98,
    "created_at": "2025-11-01T01:42:17.523253+00:00",
    "updated_at": "2025-11-01T01:42:32.497708+00:00",
    "file_path": "unknown_source",
    "track_id": "insert_20251031_224217_07b88b53",
    "metadata": {
      "processing_start_time": 1761961337,
      "processing_end_time": 1761961352
    }
  },
  "doc-0933687748882dfa16397b52fbb7fb3c": {
    "status": "processed",
    "chunks_count": 1,
    "chunks_list": [
      "chunk-0933687748882dfa16397b52fbb7fb3c"
    ],
    "content_summary": "City: Fortaleza; Date: 2024-03-10; Max temperature: 31°C; Min temperature: 26°C; Condition: Rainy.",
    "content_length": 98,
    "created_at": "2025-11-01T01:42:32.529885+00:00",
    "updated_at": "2025-11-01T01:42:47.412906+00:00",
    "file_path": "unknown_source",
    "track_id": "insert_20251031_224232_35f1b15f",
    "metadata": {
      "processing_start_time": 1761961352,
      "processing_end_time": 1761961367
    }
  },
  "doc-9fdf1310119160c14461290db2b1c411": {
    "status": "processed",
    "chunks_count": 1,
    "chunks_list": [
      "chunk-9fdf1310119160c14461290db2b1c411"
    ],
    "content_summary": "City: Porto Alegre; Date: 2024-03-10; Max temperature: 27°C; Min temperature: 19°C; Condition: Sunny.",
    "content_length": 101,
    "created_at": "2025-11-01T01:42:47.451821+00:00",
    "updated_at": "2025-11-01T01:43:06.209375+00:00",
    "file_path": "unknown_source",
    "track_id": "insert_20251031_224247_1e9a009e",
    "metadata": {
      "processing_start_time": 1761961367,
      "processing_end_time": 1761961386
    }
  },
  "doc-532ea7118742bab9fa640d2b5c98b72f": {
    "status": "processed",
    "chunks_count": 1,
    "chunks_list": [
      "chunk-532ea7118742bab9fa640d2b5c98b72f"
    ],
    "content_summary": "City: Manaus; Date: 2024-03-10; Max temperature: 34°C; Min temperature: 26°C; Condition: Sunny.",
    "content_length": 95,
    "created_at": "2025-11-01T01:43:06.248748+00:00",
    "updated_at": "2025-11-01T01:43:19.517023+00:00",
    "file_path": "unknown_source",
    "track_id": "insert_20251031_224306_a7f260ef",
    "metadata": {
      "processing_start_time": 1761961386,
      "processing_end_time": 1761961399
    }
  },
  "doc-661bc147bdfe53de5883a63ef3ff1d09": {
    "status": "processed",
    "chunks_count": 1,
    "chunks_list": [
      "chunk-661bc147bdfe53de5883a63ef3ff1d09"
    ],
    "content_summary": "City: Recife; Date: 2024-03-03; Max temperature: 29°C; Min temperature: 24°C; Condition: Rainy.",
    "content_length": 95,
    "created_at": "2025-11-01T01:43:19.555449+00:00",
    "updated_at": "2025-11-01T01:43:34.540633+00:00",
    "file_path": "unknown_source",
    "track_id": "insert_20251031_224319_c51e1fa5",
    "metadata": {
      "processing_start_time": 1761961399,
      "processing_end_time": 1761961414
    }
  },
  "doc-4d19cd5f15fe65dc2fb09ceea595cf0a": {
    "status": "processed",
    "chunks_count": 1,
    "chunks_list": [
      "chunk-4d19cd5f15fe65dc2fb09ceea595cf0a"
    ],
    "content_summary": "City: São Paulo; Date: 2024-03-01; Max temperature: 27°C; Min temperature: 20°C; Condition: Rainy.",
    "content_length": 98,
    "created_at": "2025-11-01T01:43:34.579344+00:00",
    "updated_at": "2025-11-01T01:43:48.481819+00:00",
    "file_path": "unknown_source",
    "track_id": "insert_20251031_224334_82ea1265",
    "metadata": {
      "processing_start_time": 1761961414,
      "processing_end_time": 1761961428
    }
  },
  "doc-2af8b8baef6c7fe026f8ae7ac3b62ef0": {
    "status": "processed",
    "chunks_count": 1,
    "chunks_list": [
      "chunk-2af8b8baef6c7fe026f8ae7ac3b62ef0"
    ],
    "content_summary": "City: Fortaleza; Date: 2024-03-01; Max temperature: 33°C; Min temperature: 26°C; Condition: Sunny.",
    "content_length": 98,
    "created_at": "2025-11-01T01:43:48.515952+00:00",
    "updated_at": "2025-11-01T01:44:06.406757+00:00",
    "file_path": "unknown_source",
    "track_id": "insert_20251031_224348_23dd3dbc",
    "metadata": {
      "processing_start_time": 1761961428,
      "processing_end_time": 1761961446
    }
  },
  "doc-5595484a71f7b65fed18816757b4e3eb": {
    "status": "processed",
    "chunks_count": 1,
    "chunks_list": [
      "chunk-5595484a71f7b65fed18816757b4e3eb"
    ],
    "content_summary": "City: Porto Alegre; Date: 2024-03-01; Max temperature: 26°C; Min temperature: 18°C; Condition: Cloudy.",
    "content_length": 102,
    "created_at": "2025-11-01T01:44:06.442893+00:00",
    "updated_at": "2025-11-01T01:44:22.323543+00:00",
    "file_path": "unknown_source",
    "track_id": "insert_20251031_224406_c2bbdf46",
    "metadata": {
      "processing_start_time": 1761961446,
      "processing_end_time": 1761961462
    }
  },
  "doc-bf1dc8f73200b819d6a832c903f4cace": {
    "status": "processed",
    "chunks_count": 1,
    "chunks_list": [
      "chunk-bf1dc8f73200b819d6a832c903f4cace"
    ],
    "content_summary": "City: Manaus; Date: 2024-03-01; Max temperature: 34°C; Min temperature: 26°C; Condition: Sunny.",
    "content_length": 95,
    "created_at": "2025-11-01T01:44:22.358564+00:00",
    "updated_at": "2025-11-01T01:44:34.076425+00:00",
    "file_path": "unknown_source",
    "track_id": "insert_20251031_224422_3c612e7b",
    "metadata": {
      "processing_start_time": 1761961462,
      "processing_end_time": 1761961474
    }
  },
  "doc-5257d661b1630fafdbbfd0d3cb8fc5d6": {
    "status": "processed",
    "chunks_count": 1,
    "chunks_list": [
      "chunk-5257d661b1630fafdbbfd0d3cb8fc5d6"
    ],
    "content_summary": "City: São Paulo; Date: 2024-03-02; Max temperature: 28°C; Min temperature: 21°C; Condition: Cloudy.",
    "content_length": 99,
    "created_at": "2025-11-01T01:44:34.130266+00:00",
    "updated_at": "2025-11-01T01:44:48.519797+00:00",
    "file_path": "unknown_source",
    "track_id": "insert_20251031_224434_b7582fed",
    "metadata": {
      "processing_start_time": 1761961474,
      "processing_end_time": 1761961488
    }
  }
}