{
  "doc-862a31fbc91692df792ff9ee7aee6a66": {
    "entity_names": [
      "City",
      "Location"
    ],
    "count": 2,
    "create_time": 1761960793,
    "update_time": 1761960793,
    "_id": "doc-862a31fbc91692df792ff9ee7aee6a66"
  },
  "doc-89c86c345c8b6693e28078597990096a": {
    "entity_names": [
      "Temperature"
    ],
    "count": 1,
    "create_time": 1761961179,
    "update_time": 1761961179,
    "_id": "doc-89c86c345c8b6693e28078597990096a"
  },
  "doc-54225a32912f01f4b36585cf3af274fa": {
    "entity_names": [
      "Manaus"
    ],
    "count": 1,
    "create_time": 1761961308,
    "update_time": 1761961308,
    "_id": "doc-54225a32912f01f4b36585cf3af274fa"
  },
  "doc-2af8b8baef6c7fe026f8ae7ac3b62ef0": {
    "entity_names": [
      "Temperature"
    ],
    "count": 1,
    "create_time": 1761961446,
    "update_time": 1761961446,
    "_id": "doc-2af8b8baef6c7fe026f8ae7ac3b62ef0"
  },
  "doc-5595484a71f7b65fed18816757b4e3eb": {
    "entity_names": [
      "Temperature"
    ],
    "count": 1,
    "create_time": 1761961462,
    "update_time": 1761961462,
    "_id": "doc-5595484a71f7b65fed18816757b4e3eb"
  }
}