{
  "doc-b0623d03e3b22d1b2d7e39cb0ee59638": {
    "content": "City: Fortaleza; Date: 2024-03-02; Max temperature: 32°C; Min temperature: 26°C; Condition: Cloudy.",
    "file_path": "unknown_source",
    "create_time": 1761960762,
    "update_time": 1761960762,
    "_id": "doc-b0623d03e3b22d1b2d7e39cb0ee59638"
  },
  "doc-862a31fbc91692df792ff9ee7aee6a66": {
    "content": "City: Porto Alegre; Date: 2024-03-02; Max temperature: 28°C; Min temperature: 19°C; Condition: Sunny.",
    "file_path": "unknown_source",
    "create_time": 1761960781,
    "update_time": 1761960781,
    "_id": "doc-862a31fbc91692df792ff9ee7aee6a66"
  },
  "doc-ef022d0707ab68aad2d7e71b98beaff3": {
    "content": "City: Manaus; Date: 2024-03-02; Max temperature: 33°C; Min temperature: 26°C; Condition: Rainy.",
    "file_path": "unknown_source",
    "create_time": 1761960793,
    "update_time": 1761960793,
    "_id": "doc-ef022d0707ab68aad2d7e71b98beaff3"
  },
  "doc-cff55fb194ae1be9e60200d5a54be7bd": {
    "content": "City: São Paulo; Date: 2024-03-03; Max temperature: 29°C; Min temperature: 22°C; Condition: Sunny.",
    "file_path": "unknown_source",
    "create_time": 1761960806,
    "update_time": 1761960806,
    "_id": "doc-cff55fb194ae1be9e60200d5a54be7bd"
  },
  "doc-a89d3941b8ba70564d916bff1a09818a": {
    "content": "City: Fortaleza; Date: 2024-03-03; Max temperature: 31°C; Min temperature: 25°C; Condition: Rainy.",
    "file_path": "unknown_source",
    "create_time": 1761960820,
    "update_time": 1761960820,
    "_id": "doc-a89d3941b8ba70564d916bff1a09818a"
  },
  "doc-7b53babca7a0318765b1ea7c2ac03a68": {
    "content": "City: Porto Alegre; Date: 2024-03-03; Max temperature: 27°C; Min temperature: 18°C; Condition: Rainy.",
    "file_path": "unknown_source",
    "create_time": 1761960834,
    "update_time": 1761960834,
    "_id": "doc-7b53babca7a0318765b1ea7c2ac03a68"
  },
  "doc-ee104d6f16bf2866a6dc1e7139f5f0b7": {
    "content": "City: Manaus; Date: 2024-03-03; Max temperature: 34°C; Min temperature: 27°C; Condition: Sunny.",
    "file_path": "unknown_source",
    "create_time": 1761960846,
    "update_time": 1761960846,
    "_id": "doc-ee104d6f16bf2866a6dc1e7139f5f0b7"
  },
  "doc-cb60d4ec2fe7493993ed0de180c0b3dc": {
    "content": "City: Recife; Date: 2024-03-04; Max temperature: 28°C; Min temperature: 23°C; Condition: Rainy.",
    "file_path": "unknown_source",
    "create_time": 1761960861,
    "update_time": 1761960861,
    "_id": "doc-cb60d4ec2fe7493993ed0de180c0b3dc"
  },
  "doc-b9de8c8d36b4690740b867042f6581e7": {
    "content": "City: São Paulo; Date: 2024-03-04; Max temperature: 25°C; Min temperature: 19°C; Condition: Rainy.",
    "file_path": "unknown_source",
    "create_time": 1761960873,
    "update_time": 1761960873,
    "_id": "doc-b9de8c8d36b4690740b867042f6581e7"
  },
  "doc-7f92b0149098a34a4cc6e26c29e38665": {
    "content": "City: Fortaleza; Date: 2024-03-04; Max temperature: 33°C; Min temperature: 26°C; Condition: Sunny.",
    "file_path": "unknown_source",
    "create_time": 1761960884,
    "update_time": 1761960884,
    "_id": "doc-7f92b0149098a34a4cc6e26c29e38665"
  },
  "doc-9191e1196012e8113edc823dec3f455a": {
    "content": "City: Porto Alegre; Date: 2024-03-04; Max temperature: 29°C; Min temperature: 20°C; Condition: Sunny.",
    "file_path": "unknown_source",
    "create_time": 1761960899,
    "update_time": 1761960899,
    "_id": "doc-9191e1196012e8113edc823dec3f455a"
  },
  "doc-b1623ef74f62735f75b7dc1b1a1356bc": {
    "content": "City: Manaus; Date: 2024-03-04; Max temperature: 35°C; Min temperature: 27°C; Condition: Cloudy.",
    "file_path": "unknown_source",
    "create_time": 1761960913,
    "update_time": 1761960913,
    "_id": "doc-b1623ef74f62735f75b7dc1b1a1356bc"
  },
  "doc-62d1772a4a43d3e0ab3856c2a0a8a86e": {
    "content": "City: Recife; Date: 2024-03-05; Max temperature: 30°C; Min temperature: 24°C; Condition: Sunny.",
    "file_path": "unknown_source",
    "create_time": 1761960926,
    "update_time": 1761960926,
    "_id": "doc-62d1772a4a43d3e0ab3856c2a0a8a86e"
  },
  "doc-9114372da03d0807226ed2011430cb5f": {
    "content": "City: São Paulo; Date: 2024-03-05; Max temperature: 26°C; Min temperature: 18°C; Condition: Cloudy.",
    "file_path": "unknown_source",
    "create_time": 1761960939,
    "update_time": 1761960939,
    "_id": "doc-9114372da03d0807226ed2011430cb5f"
  },
  "doc-3b8daf4434ea75fe906a20783179623c": {
    "content": "City: Fortaleza; Date: 2024-03-05; Max temperature: 34°C; Min temperature: 27°C; Condition: Sunny.",
    "file_path": "unknown_source",
    "create_time": 1761960953,
    "update_time": 1761960953,
    "_id": "doc-3b8daf4434ea75fe906a20783179623c"
  },
  "doc-8fff3fab9bb211f1fdc69e6d4b8422d9": {
    "content": "City: Porto Alegre; Date: 2024-03-05; Max temperature: 28°C; Min temperature: 19°C; Condition: Cloudy.",
    "file_path": "unknown_source",
    "create_time": 1761960974,
    "update_time": 1761960974,
    "_id": "doc-8fff3fab9bb211f1fdc69e6d4b8422d9"
  },
  "doc-a549e8d2856b53ba888a37574e9a4b0c": {
    "content": "City: Manaus; Date: 2024-03-05; Max temperature: 33°C; Min temperature: 26°C; Condition: Rainy.",
    "file_path": "unknown_source",
    "create_time": 1761960988,
    "update_time": 1761960988,
    "_id": "doc-a549e8d2856b53ba888a37574e9a4b0c"
  },
  "doc-68f4234b8113728132c51a4aded30826": {
    "content": "City: Recife; Date: 2024-03-06; Max temperature: 32°C; Min temperature: 25°C; Condition: Sunny.",
    "file_path": "unknown_source",
    "create_time": 1761961006,
    "update_time": 1761961006,
    "_id": "doc-68f4234b8113728132c51a4aded30826"
  },
  "doc-68f0592e1053064b2d23ef1b0db055b6": {
    "content": "City: São Paulo; Date: 2024-03-06; Max temperature: 27°C; Min temperature: 19°C; Condition: Sunny.",
    "file_path": "unknown_source",
    "create_time": 1761961019,
    "update_time": 1761961019,
    "_id": "doc-68f0592e1053064b2d23ef1b0db055b6"
  },
  "doc-7820ba0c95a8c9909514dafe97d48d16": {
    "content": "City: Fortaleza; Date: 2024-03-06; Max temperature: 33°C; Min temperature: 26°C; Condition: Cloudy.",
    "file_path": "unknown_source",
    "create_time": 1761961033,
    "update_time": 1761961033,
    "_id": "doc-7820ba0c95a8c9909514dafe97d48d16"
  },
  "doc-fca40557a05fcb1fcb46f985cbdfd8f0": {
    "content": "City: Porto Alegre; Date: 2024-03-06; Max temperature: 27°C; Min temperature: 18°C; Condition: Rainy.",
    "file_path": "unknown_source",
    "create_time": 1761961049,
    "update_time": 1761961049,
    "_id": "doc-fca40557a05fcb1fcb46f985cbdfd8f0"
  },
  "doc-0d9299272b4dcd53f5f2d4c09f9d2daa": {
    "content": "City: Manaus; Date: 2024-03-06; Max temperature: 32°C; Min temperature: 25°C; Condition: Sunny.",
    "file_path": "unknown_source",
    "create_time": 1761961061,
    "update_time": 1761961061,
    "_id": "doc-0d9299272b4dcd53f5f2d4c09f9d2daa"
  },
  "doc-8e472885bf01873a7dd803de2b306166": {
    "content": "City: Recife; Date: 2024-03-07; Max temperature: 33°C; Min temperature: 26°C; Condition: Sunny.",
    "file_path": "unknown_source",
    "create_time": 1761961074,
    "update_time": 1761961074,
    "_id": "doc-8e472885bf01873a7dd803de2b306166"
  },
  "doc-ef4c2d1af9744533444e3eb829eb256f": {
    "content": "City: São Paulo; Date: 2024-03-07; Max temperature: 30°C; Min temperature: 21°C; Condition: Sunny.",
    "file_path": "unknown_source",
    "create_time": 1761961086,
    "update_time": 1761961086,
    "_id": "doc-ef4c2d1af9744533444e3eb829eb256f"
  },
  "doc-57f0dbb2c56380a005a61e6e27a870f5": {
    "content": "City: Fortaleza; Date: 2024-03-07; Max temperature: 31°C; Min temperature: 25°C; Condition: Rainy.",
    "file_path": "unknown_source",
    "create_time": 1761961102,
    "update_time": 1761961102,
    "_id": "doc-57f0dbb2c56380a005a61e6e27a870f5"
  },
  "doc-efc53f51a2df74428f908d859a153bb6": {
    "content": "City: Porto Alegre; Date: 2024-03-07; Max temperature: 30°C; Min temperature: 21°C; Condition: Sunny.",
    "file_path": "unknown_source",
    "create_time": 1761961114,
    "update_time": 1761961114,
    "_id": "doc-efc53f51a2df74428f908d859a153bb6"
  },
  "doc-4e7d9b4689195a3de2df16a01d2a2600": {
    "content": "City: Manaus; Date: 2024-03-07; Max temperature: 34°C; Min temperature: 26°C; Condition: Sunny.",
    "file_path": "unknown_source",
    "create_time": 1761961130,
    "update_time": 1761961130,
    "_id": "doc-4e7d9b4689195a3de2df16a01d2a2600"
  },
  "doc-4644567629a0f00f170385ec29353aaa": {
    "content": "City: Recife; Date: 2024-03-08; Max temperature: 31°C; Min temperature: 25°C; Condition: Cloudy.",
    "file_path": "unknown_source",
    "create_time": 1761961148,
    "update_time": 1761961148,
    "_id": "doc-4644567629a0f00f170385ec29353aaa"
  },
  "doc-89c86c345c8b6693e28078597990096a": {
    "content": "City: São Paulo; Date: 2024-03-08; Max temperature: 28°C; Min temperature: 20°C; Condition: Cloudy.",
    "file_path": "unknown_source",
    "create_time": 1761961163,
    "update_time": 1761961163,
    "_id": "doc-89c86c345c8b6693e28078597990096a"
  },
  "doc-e6efabe0f42c51b39704b0fde6e29c31": {
    "content": "City: Fortaleza; Date: 2024-03-08; Max temperature: 32°C; Min temperature: 26°C; Condition: Sunny.",
    "file_path": "unknown_source",
    "create_time": 1761961179,
    "update_time": 1761961179,
    "_id": "doc-e6efabe0f42c51b39704b0fde6e29c31"
  },
  "doc-fe58a7f815baadb57f9d21f49f9bb62a": {
    "content": "City: Porto Alegre; Date: 2024-03-08; Max temperature: 29°C; Min temperature: 20°C; Condition: Cloudy.",
    "file_path": "unknown_source",
    "create_time": 1761961196,
    "update_time": 1761961196,
    "_id": "doc-fe58a7f815baadb57f9d21f49f9bb62a"
  },
  "doc-dea42e707563a664be2e30bd29e86d87": {
    "content": "City: Manaus; Date: 2024-03-08; Max temperature: 35°C; Min temperature: 27°C; Condition: Cloudy.",
    "file_path": "unknown_source",
    "create_time": 1761961208,
    "update_time": 1761961208,
    "_id": "doc-dea42e707563a664be2e30bd29e86d87"
  },
  "doc-b235f1f4641f3ef0eaa7ff934ad503ca": {
    "content": "City: Recife; Date: 2024-03-01; Max temperature: 31°C; Min temperature: 25°C; Condition: Sunny.",
    "file_path": "unknown_source",
    "create_time": 1761961223,
    "update_time": 1761961223,
    "_id": "doc-b235f1f4641f3ef0eaa7ff934ad503ca"
  },
  "doc-ddcaa5f49a7c81a49e6737547c1edf9c": {
    "content": "City: Recife; Date: 2024-03-09; Max temperature: 29°C; Min temperature: 24°C; Condition: Rainy.",
    "file_path": "unknown_source",
    "create_time": 1761961239,
    "update_time": 1761961239,
    "_id": "doc-ddcaa5f49a7c81a49e6737547c1edf9c"
  },
  "doc-da85a979cce88f67b8c8945e47c62e93": {
    "content": "City: São Paulo; Date: 2024-03-09; Max temperature: 26°C; Min temperature: 19°C; Condition: Rainy.",
    "file_path": "unknown_source",
    "create_time": 1761961252,
    "update_time": 1761961252,
    "_id": "doc-da85a979cce88f67b8c8945e47c62e93"
  },
  "doc-36124fd1c9a60f50185d236371e545dc": {
    "content": "City: Fortaleza; Date: 2024-03-09; Max temperature: 33°C; Min temperature: 27°C; Condition: Sunny.",
    "file_path": "unknown_source",
    "create_time": 1761961267,
    "update_time": 1761961267,
    "_id": "doc-36124fd1c9a60f50185d236371e545dc"
  },
  "doc-33133e5bccb058ffcfc2ad83d8f456c5": {
    "content": "City: Porto Alegre; Date: 2024-03-09; Max temperature: 26°C; Min temperature: 18°C; Condition: Rainy.",
    "file_path": "unknown_source",
    "create_time": 1761961280,
    "update_time": 1761961280,
    "_id": "doc-33133e5bccb058ffcfc2ad83d8f456c5"
  },
  "doc-54225a32912f01f4b36585cf3af274fa": {
    "content": "City: Manaus; Date: 2024-03-09; Max temperature: 33°C; Min temperature: 26°C; Condition: Rainy.",
    "file_path": "unknown_source",
    "create_time": 1761961293,
    "update_time": 1761961293,
    "_id": "doc-54225a32912f01f4b36585cf3af274fa"
  },
  "doc-d26f1b08ed3a8d1d7589b89d65e06673": {
    "content": "City: Recife; Date: 2024-03-02; Max temperature: 30°C; Min temperature: 25°C; Condition: Cloudy.",
    "file_path": "unknown_source",
    "create_time": 1761961308,
    "update_time": 1761961308,
    "_id": "doc-d26f1b08ed3a8d1d7589b89d65e06673"
  },
  "doc-1f70ae048f216d3b09ad59605dc190c1": {
    "content": "City: Recife; Date: 2024-03-10; Max temperature: 30°C; Min temperature: 24°C; Condition: Cloudy.",
    "file_path": "unknown_source",
    "create_time": 1761961323,
    "update_time": 1761961323,
    "_id": "doc-1f70ae048f216d3b09ad59605dc190c1"
  },
  "doc-681ee3e247d5e5be1ea8f65353b867fb": {
    "content": "City: São Paulo; Date: 2024-03-10; Max temperature: 25°C; Min temperature: 18°C; Condition: Rainy.",
    "file_path": "unknown_source",
    "create_time": 1761961337,
    "update_time": 1761961337,
    "_id": "doc-681ee3e247d5e5be1ea8f65353b867fb"
  },
  "doc-0933687748882dfa16397b52fbb7fb3c": {
    "content": "City: Fortaleza; Date: 2024-03-10; Max temperature: 31°C; Min temperature: 26°C; Condition: Rainy.",
    "file_path": "unknown_source",
    "create_time": 1761961352,
    "update_time": 1761961352,
    "_id": "doc-0933687748882dfa16397b52fbb7fb3c"
  },
  "doc-9fdf1310119160c14461290db2b1c411": {
    "content": "City: Porto Alegre; Date: 2024-03-10; Max temperature: 27°C; Min temperature: 19°C; Condition: Sunny.",
    "file_path": "unknown_source",
    "create_time": 1761961367,
    "update_time": 1761961367,
    "_id": "doc-9fdf1310119160c14461290db2b1c411"
  },
  "doc-532ea7118742bab9fa640d2b5c98b72f": {
    "content": "City: Manaus; Date: 2024-03-10; Max temperature: 34°C; Min temperature: 26°C; Condition: Sunny.",
    "file_path": "unknown_source",
    "create_time": 1761961386,
    "update_time": 1761961386,
    "_id": "doc-532ea7118742bab9fa640d2b5c98b72f"
  },
  "doc-661bc147bdfe53de5883a63ef3ff1d09": {
    "content": "City: Recife; Date: 2024-03-03; Max temperature: 29°C; Min temperature: 24°C; Condition: Rainy.",
    "file_path": "unknown_source",
    "create_time": 1761961399,
    "update_time": 1761961399,
    "_id": "doc-661bc147bdfe53de5883a63ef3ff1d09"
  },
  "doc-4d19cd5f15fe65dc2fb09ceea595cf0a": {
    "content": "City: São Paulo; Date: 2024-03-01; Max temperature: 27°C; Min temperature: 20°C; Condition: Rainy.",
    "file_path": "unknown_source",
    "create_time": 1761961414,
    "update_time": 1761961414,
    "_id": "doc-4d19cd5f15fe65dc2fb09ceea595cf0a"
  },
  "doc-2af8b8baef6c7fe026f8ae7ac3b62ef0": {
    "content": "City: Fortaleza; Date: 2024-03-01; Max temperature: 33°C; Min temperature: 26°C; Condition: Sunny.",
    "file_path": "unknown_source",
    "create_time": 1761961428,
    "update_time": 1761961428,
    "_id": "doc-2af8b8baef6c7fe026f8ae7ac3b62ef0"
  },
  "doc-5595484a71f7b65fed18816757b4e3eb": {
    "content": "City: Porto Alegre; Date: 2024-03-01; Max temperature: 26°C; Min temperature: 18°C; Condition: Cloudy.",
    "file_path": "unknown_source",
    "create_time": 1761961446,
    "update_time": 1761961446,
    "_id": "doc-5595484a71f7b65fed18816757b4e3eb"
  },
  "doc-bf1dc8f73200b819d6a832c903f4cace": {
    "content": "City: Manaus; Date: 2024-03-01; Max temperature: 34°C; Min temperature: 26°C; Condition: Sunny.",
    "file_path": "unknown_source",
    "create_time": 1761961462,
    "update_time": 1761961462,
    "_id": "doc-bf1dc8f73200b819d6a832c903f4cace"
  },
  "doc-5257d661b1630fafdbbfd0d3cb8fc5d6": {
    "content": "City: São Paulo; Date: 2024-03-02; Max temperature: 28°C; Min temperature: 21°C; Condition: Cloudy.",
    "file_path": "unknown_source",
    "create_time": 1761961474,
    "update_time": 1761961474,
    "_id": "doc-5257d661b1630fafdbbfd0d3cb8fc5d6"
  }
}