{
  "chunk-b0623d03e3b22d1b2d7e39cb0ee59638": {
    "tokens": 33,
    "content": "City: Fortaleza; Date: 2024-03-02; Max temperature: 32°C; Min temperature: 26°C; Condition: Cloudy.",
    "chunk_order_index": 0,
    "full_doc_id": "doc-b0623d03e3b22d1b2d7e39cb0ee59638",
    "file_path": "unknown_source",
    "llm_cache_list": [
      "default:extract:b01bdc48e2ad8094b57a493480012544",
      "default:extract:788bdbc08dfd5f9147d709c42f73f820"
    ],
    "create_time": 1761960762,
    "update_time": 1761960781,
    "_id": "chunk-b0623d03e3b22d1b2d7e39cb0ee59638"
  },
  "chunk-862a31fbc91692df792ff9ee7aee6a66": {
    "tokens": 33,
    "content": "City: Porto Alegre; Date: 2024-03-02; Max temperature: 28°C; Min temperature: 19°C; Condition: Sunny.",
    "chunk_order_index": 0,
    "full_doc_id": "doc-862a31fbc91692df792ff9ee7aee6a66",
    "file_path": "unknown_source",
    "llm_cache_list": [
      "default:extract:369d46afc2dd03101f373366664882f9",
      "default:extract:cd3f983d4ebd34bbfd2b6d9d24da892d"
    ],
    "create_time": 1761960781,
    "update_time": 1761960793,
    "_id": "chunk-862a31fbc91692df792ff9ee7aee6a66"
  },
  "chunk-ef022d0707ab68aad2d7e71b98beaff3": {
    "tokens": 34,
    "content": "City: Manaus; Date: 2024-03-02; Max temperature: 33°C; Min temperature: 26°C; Condition: Rainy.",
    "chunk_order_index": 0,
    "full_doc_id": "doc-ef022d0707ab68aad2d7e71b98beaff3",
    "file_path": "unknown_source",
    "llm_cache_list": [
      "default:extract:fa9d5958d9d6b4c80a3caf0239933844",
      "default:extract:a3f51a1330d5efab7b0343ad8fc21b49"
    ],
    "create_time": 1761960793,
    "update_time": 1761960806,
    "_id": "chunk-ef022d0707ab68aad2d7e71b98beaff3"
  },
  "chunk-cff55fb194ae1be9e60200d5a54be7bd": {
    "tokens": 33,
    "content": "City: São Paulo; Date: 2024-03-03; Max temperature: 29°C; Min temperature: 22°C; Condition: Sunny.",
    "chunk_order_index": 0,
    "full_doc_id": "doc-cff55fb194ae1be9e60200d5a54be7bd",
    "file_path": "unknown_source",
    "llm_cache_list": [
      "default:extract:7809c82ba37cad73e003fc181f800bdf",
      "default:extract:17d300695972b727637ee4c1b4e0d7f8"
    ],
    "create_time": 1761960806,
    "update_time": 1761960820,
    "_id": "chunk-cff55fb194ae1be9e60200d5a54be7bd"
  },
  "chunk-a89d3941b8ba70564d916bff1a09818a": {
    "tokens": 33,
    "content": "City: Fortaleza; Date: 2024-03-03; Max temperature: 31°C; Min temperature: 25°C; Condition: Rainy.",
    "chunk_order_index": 0,
    "full_doc_id": "doc-a89d3941b8ba70564d916bff1a09818a",
    "file_path": "unknown_source",
    "llm_cache_list": [
      "default:extract:f0e3d00f51f8b10ab8d56d7c70e3acf2",
      "default:extract:20a1164c2ec419bd4d4af7c9d66867de"
    ],
    "create_time": 1761960820,
    "update_time": 1761960834,
    "_id": "chunk-a89d3941b8ba70564d916bff1a09818a"
  },
  "chunk-7b53babca7a0318765b1ea7c2ac03a68": {
    "tokens": 34,
    "content": "City: Porto Alegre; Date: 2024-03-03; Max temperature: 27°C; Min temperature: 18°C; Condition: Rainy.",
    "chunk_order_index": 0,
    "full_doc_id": "doc-7b53babca7a0318765b1ea7c2ac03a68",
    "file_path": "unknown_source",
    "llm_cache_list": [
      "default:extract:4ec8073aaecd017003ea9a18ac7ec165",
      "default:extract:5eed6c06bf3d933673dd08efb9c5a5ad"
    ],
    "create_time": 1761960834,
    "update_time": 1761960846,
    "_id": "chunk-7b53babca7a0318765b1ea7c2ac03a68"
  },
  "chunk-ee104d6f16bf2866a6dc1e7139f5f0b7": {
    "tokens": 33,
    "content": "City: Manaus; Date: 2024-03-03; Max temperature: 34°C; Min temperature: 27°C; Condition: Sunny.",
    "chunk_order_index": 0,
    "full_doc_id": "doc-ee104d6f16bf2866a6dc1e7139f5f0b7",
    "file_path": "unknown_source",
    "llm_cache_list": [
      "default:extract:efaef186a348f49c295552e63a6f8e62",
      "default:extract:4976c23d56bc9cb309becd0fb2e1e5fa"
    ],
    "create_time": 1761960846,
    "update_time": 1761960861,
    "_id": "chunk-ee104d6f16bf2866a6dc1e7139f5f0b7"
  },
  "chunk-cb60d4ec2fe7493993ed0de180c0b3dc": {
    "tokens": 33,
    "content": "City: Recife; Date: 2024-03-04; Max temperature: 28°C; Min temperature: 23°C; Condition: Rainy.",
    "chunk_order_index": 0,
    "full_doc_id": "doc-cb60d4ec2fe7493993ed0de180c0b3dc",
    "file_path": "unknown_source",
    "llm_cache_list": [
      "default:extract:6ec8f7baefa4da0ae14b04f01a2cf534",
      "default:extract:abe4999026aaeb74b19d833e7a16e940"
    ],
    "create_time": 1761960861,
    "update_time": 1761960873,
    "_id": "chunk-cb60d4ec2fe7493993ed0de180c0b3dc"
  },
  "chunk-b9de8c8d36b4690740b867042f6581e7": {
    "tokens": 34,
    "content": "City: São Paulo; Date: 2024-03-04; Max temperature: 25°C; Min temperature: 19°C; Condition: Rainy.",
    "chunk_order_index": 0,
    "full_doc_id": "doc-b9de8c8d36b4690740b867042f6581e7",
    "file_path": "unknown_source",
    "llm_cache_list": [
      "default:extract:1f452d9e3cf88df0b3c4f771ebc400d6",
      "default:extract:33499c961ddd9517578f74d5104e104f"
    ],
    "create_time": 1761960873,
    "update_time": 1761960884,
    "_id": "chunk-b9de8c8d36b4690740b867042f6581e7"
  },
  "chunk-7f92b0149098a34a4cc6e26c29e38665": {
    "tokens": 32,
    "content": "City: Fortaleza; Date: 2024-03-04; Max temperature: 33°C; Min temperature: 26°C; Condition: Sunny.",
    "chunk_order_index": 0,
    "full_doc_id": "doc-7f92b0149098a34a4cc6e26c29e38665",
    "file_path": "unknown_source",
    "llm_cache_list": [
      "default:extract:3ebc6b10b84687eb3b40b2bce3420c9a",
      "default:extract:836332c47b016cb7bf307b4e2fc4e675"
    ],
    "create_time": 1761960884,
    "update_time": 1761960899,
    "_id": "chunk-7f92b0149098a34a4cc6e26c29e38665"
  },
  "chunk-9191e1196012e8113edc823dec3f455a": {
    "tokens": 33,
    "content": "City: Porto Alegre; Date: 2024-03-04; Max temperature: 29°C; Min temperature: 20°C; Condition: Sunny.",
    "chunk_order_index": 0,
    "full_doc_id": "doc-9191e1196012e8113edc823dec3f455a",
    "file_path": "unknown_source",
    "llm_cache_list": [
      "default:extract:77d9fcaaaf39dcb7d1fdc64ec3f972d3",
      "default:extract:32a43bf0e10669c9590f851eefda7de6"
    ],
    "create_time": 1761960899,
    "update_time": 1761960913,
    "_id": "chunk-9191e1196012e8113edc823dec3f455a"
  },
  "chunk-b1623ef74f62735f75b7dc1b1a1356bc": {
    "tokens": 34,
    "content": "City: Manaus; Date: 2024-03-04; Max temperature: 35°C; Min temperature: 27°C; Condition: Cloudy.",
    "chunk_order_index": 0,
    "full_doc_id": "doc-b1623ef74f62735f75b7dc1b1a1356bc",
    "file_path": "unknown_source",
    "llm_cache_list": [
      "default:extract:3d30ed248f68cb66ac91f6cf7634d1b0",
      "default:extract:10f3b7475d5618b3b284cfbbe33f0c80"
    ],
    "create_time": 1761960913,
    "update_time": 1761960926,
    "_id": "chunk-b1623ef74f62735f75b7dc1b1a1356bc"
  },
  "chunk-62d1772a4a43d3e0ab3856c2a0a8a86e": {
    "tokens": 32,
    "content": "City: Recife; Date: 2024-03-05; Max temperature: 30°C; Min temperature: 24°C; Condition: Sunny.",
    "chunk_order_index": 0,
    "full_doc_id": "doc-62d1772a4a43d3e0ab3856c2a0a8a86e",
    "file_path": "unknown_source",
    "llm_cache_list": [
      "default:extract:f0b72fa9a570076b3a55aca5f9c5dfa8",
      "default:extract:58570ce36fb68069b6cb5c30a9f3b4c4"
    ],
    "create_time": 1761960926,
    "update_time": 1761960939,
    "_id": "chunk-62d1772a4a43d3e0ab3856c2a0a8a86e"
  },
  "chunk-9114372da03d0807226ed2011430cb5f": {
    "tokens": 34,
    "content": "City: São Paulo; Date: 2024-03-05; Max temperature: 26°C; Min temperature: 18°C; Condition: Cloudy.",
    "chunk_order_index": 0,
    "full_doc_id": "doc-9114372da03d0807226ed2011430cb5f",
    "file_path": "unknown_source",
    "llm_cache_list": [
      "default:extract:09115956c097f394a217837b0e7eed63",
      "default:extract:28920edfb8458faee387721d73d7c06d"
    ],
    "create_time": 1761960939,
    "update_time": 1761960953,
    "_id": "chunk-9114372da03d0807226ed2011430cb5f"
  },
  "chunk-3b8daf4434ea75fe906a20783179623c": {
    "tokens": 32,
    "content": "City: Fortaleza; Date: 2024-03-05; Max temperature: 34°C; Min temperature: 27°C; Condition: Sunny.",
    "chunk_order_index": 0,
    "full_doc_id": "doc-3b8daf4434ea75fe906a20783179623c",
    "file_path": "unknown_source",
    "llm_cache_list": [
      "default:extract:d963ae64b23a5884ce44d38a712c8240",
      "default:extract:38db8a3a57445202f37fe809996445bb"
    ],
    "create_time": 1761960953,
    "update_time": 1761960974,
    "_id": "chunk-3b8daf4434ea75fe906a20783179623c"
  },
  "chunk-8fff3fab9bb211f1fdc69e6d4b8422d9": {
    "tokens": 34,
    "content": "City: Porto Alegre; Date: 2024-03-05; Max temperature: 28°C; Min temperature: 19°C; Condition: Cloudy.",
    "chunk_order_index": 0,
    "full_doc_id": "doc-8fff3fab9bb211f1fdc69e6d4b8422d9",
    "file_path": "unknown_source",
    "llm_cache_list": [
      "default:extract:ea0b5d62d4da5f42215d570fa709e254",
      "default:extract:e6e28e2abab0cb6182bacdb63b54c58a"
    ],
    "create_time": 1761960974,
    "update_time": 1761960988,
    "_id": "chunk-8fff3fab9bb211f1fdc69e6d4b8422d9"
  },
  "chunk-a549e8d2856b53ba888a37574e9a4b0c": {
    "tokens": 34,
    "content": "City: Manaus; Date: 2024-03-05; Max temperature: 33°C; Min temperature: 26°C; Condition: Rainy.",
    "chunk_order_index": 0,
    "full_doc_id": "doc-a549e8d2856b53ba888a37574e9a4b0c",
    "file_path": "unknown_source",
    "llm_cache_list": [
      "default:extract:a1f402365b776c954fdfc2a116abc0fb",
      "default:extract:017b3f28528653e4d40df64bbe80c490"
    ],
    "create_time": 1761960988,
    "update_time": 1761961006,
    "_id": "chunk-a549e8d2856b53ba888a37574e9a4b0c"
  },
  "chunk-68f4234b8113728132c51a4aded30826": {
    "tokens": 32,
    "content": "City: Recife; Date: 2024-03-06; Max temperature: 32°C; Min temperature: 25°C; Condition: Sunny.",
    "chunk_order_index": 0,
    "full_doc_id": "doc-68f4234b8113728132c51a4aded30826",
    "file_path": "unknown_source",
    "llm_cache_list": [
      "default:extract:07ddacdbf86dacd4b6c5637e64d1f189",
      "default:extract:66e6e029598e1a17e3b27fd0fd832662"
    ],
    "create_time": 1761961006,
    "update_time": 1761961019,
    "_id": "chunk-68f4234b8113728132c51a4aded30826"
  },
  "chunk-68f0592e1053064b2d23ef1b0db055b6": {
    "tokens": 33,
    "content": "City: São Paulo; Date: 2024-03-06; Max temperature: 27°C; Min temperature: 19°C; Condition: Sunny.",
    "chunk_order_index": 0,
    "full_doc_id": "doc-68f0592e1053064b2d23ef1b0db055b6",
    "file_path": "unknown_source",
    "llm_cache_list": [
      "default:extract:168d433804e136426a0801a2907ea2b8",
      "default:extract:c49b608f95ae4782b77f8b4b26cdc441"
    ],
    "create_time": 1761961019,
    "update_time": 1761961033,
    "_id": "chunk-68f0592e1053064b2d23ef1b0db055b6"
  },
  "chunk-7820ba0c95a8c9909514dafe97d48d16": {
    "tokens": 33,
    "content": "City: Fortaleza; Date: 2024-03-06; Max temperature: 33°C; Min temperature: 26°C; Condition: Cloudy.",
    "chunk_order_index": 0,
    "full_doc_id": "doc-7820ba0c95a8c9909514dafe97d48d16",
    "file_path": "unknown_source",
    "llm_cache_list": [
      "default:extract:11d3237b3d555d32335d34aecefd2c5a",
      "default:extract:2d5f282e48dd1e3f5dfd1d6a5b5b3826"
    ],
    "create_time": 1761961033,
    "update_time": 1761961048,
    "_id": "chunk-7820ba0c95a8c9909514dafe97d48d16"
  },
  "chunk-fca40557a05fcb1fcb46f985cbdfd8f0": {
    "tokens": 34,
    "content": "City: Porto Alegre; Date: 2024-03-06; Max temperature: 27°C; Min temperature: 18°C; Condition: Rainy.",
    "chunk_order_index": 0,
    "full_doc_id": "doc-fca40557a05fcb1fcb46f985cbdfd8f0",
    "file_path": "unknown_source",
    "llm_cache_list": [
      "default:extract:c2fe42b1b48b7f4642a14420ad68058b",
      "default:extract:8c691e43dd7d60e3fa75bba0cf62e9b0"
    ],
    "create_time": 1761961049,
    "update_time": 1761961061,
    "_id": "chunk-fca40557a05fcb1fcb46f985cbdfd8f0"
  },
  "chunk-0d9299272b4dcd53f5f2d4c09f9d2daa": {
    "tokens": 33,
    "content": "City: Manaus; Date: 2024-03-06; Max temperature: 32°C; Min temperature: 25°C; Condition: Sunny.",
    "chunk_order_index": 0,
    "full_doc_id": "doc-0d9299272b4dcd53f5f2d4c09f9d2daa",
    "file_path": "unknown_source",
    "llm_cache_list": [
      "default:extract:8e10b221de8afde568d030c95f48e11d",
      "default:extract:b115580ef709f75ea4d58eaf750ae9c8"
    ],
    "create_time": 1761961061,
    "update_time": 1761961074,
    "_id": "chunk-0d9299272b4dcd53f5f2d4c09f9d2daa"
  },
  "chunk-8e472885bf01873a7dd803de2b306166": {
    "tokens": 32,
    "content": "City: Recife; Date: 2024-03-07; Max temperature: 33°C; Min temperature: 26°C; Condition: Sunny.",
    "chunk_order_index": 0,
    "full_doc_id": "doc-8e472885bf01873a7dd803de2b306166",
    "file_path": "unknown_source",
    "llm_cache_list": [
      "default:extract:02ef31b2de377e891ac0b0484cae0446",
      "default:extract:32542f759e5c6456f02c2538f08cb190"
    ],
    "create_time": 1761961074,
    "update_time": 1761961086,
    "_id": "chunk-8e472885bf01873a7dd803de2b306166"
  },
  "chunk-ef4c2d1af9744533444e3eb829eb256f": {
    "tokens": 33,
    "content": "City: São Paulo; Date: 2024-03-07; Max temperature: 30°C; Min temperature: 21°C; Condition: Sunny.",
    "chunk_order_index": 0,
    "full_doc_id": "doc-ef4c2d1af9744533444e3eb829eb256f",
    "file_path": "unknown_source",
    "llm_cache_list": [
      "default:extract:7cb701219e050f9b363964627c26c93d",
      "default:extract:d20d0c412df50ca83249ae1c8edc5b76"
    ],
    "create_time": 1761961086,
    "update_time": 1761961102,
    "_id": "chunk-ef4c2d1af9744533444e3eb829eb256f"
  },
  "chunk-57f0dbb2c56380a005a61e6e27a870f5": {
    "tokens": 33,
    "content": "City: Fortaleza; Date: 2024-03-07; Max temperature: 31°C; Min temperature: 25°C; Condition: Rainy.",
    "chunk_order_index": 0,
    "full_doc_id": "doc-57f0dbb2c56380a005a61e6e27a870f5",
    "file_path": "unknown_source",
    "llm_cache_list": [
      "default:extract:964f4afb743e1abf79faf517084dcfe9",
      "default:extract:fa660f871822200673c10bba9f7de3ba"
    ],
    "create_time": 1761961102,
    "update_time": 1761961114,
    "_id": "chunk-57f0dbb2c56380a005a61e6e27a870f5"
  },
  "chunk-efc53f51a2df74428f908d859a153bb6": {
    "tokens": 33,
    "content": "City: Porto Alegre; Date: 2024-03-07; Max temperature: 30°C; Min temperature: 21°C; Condition: Sunny.",
    "chunk_order_index": 0,
    "full_doc_id": "doc-efc53f51a2df74428f908d859a153bb6",
    "file_path": "unknown_source",
    "llm_cache_list": [
      "default:extract:9dd3f5b79dbc9434a4370cec082a1fab",
      "default:extract:11aef8edb99fd27a060de54e15907972"
    ],
    "create_time": 1761961114,
    "update_time": 1761961130,
    "_id": "chunk-efc53f51a2df74428f908d859a153bb6"
  },
  "chunk-4e7d9b4689195a3de2df16a01d2a2600": {
    "tokens": 33,
    "content": "City: Manaus; Date: 2024-03-07; Max temperature: 34°C; Min temperature: 26°C; Condition: Sunny.",
    "chunk_order_index": 0,
    "full_doc_id": "doc-4e7d9b4689195a3de2df16a01d2a2600",
    "file_path": "unknown_source",
    "llm_cache_list": [
      "default:extract:e64f8b370634c7baccec345d8940aaac",
      "default:extract:b38ca8c4901d3df8695a9e98a9b3680d"
    ],
    "create_time": 1761961130,
    "update_time": 1761961148,
    "_id": "chunk-4e7d9b4689195a3de2df16a01d2a2600"
  },
  "chunk-4644567629a0f00f170385ec29353aaa": {
    "tokens": 33,
    "content": "City: Recife; Date: 2024-03-08; Max temperature: 31°C; Min temperature: 25°C; Condition: Cloudy.",
    "chunk_order_index": 0,
    "full_doc_id": "doc-4644567629a0f00f170385ec29353aaa",
    "file_path": "unknown_source",
    "llm_cache_list": [
      "default:extract:fd62c45170db0348c36a056c1ab14b3b",
      "default:extract:15f763a9c1ff2e397a230bb5e55df926"
    ],
    "create_time": 1761961148,
    "update_time": 1761961163,
    "_id": "chunk-4644567629a0f00f170385ec29353aaa"
  },
  "chunk-89c86c345c8b6693e28078597990096a": {
    "tokens": 34,
    "content": "City: São Paulo; Date: 2024-03-08; Max temperature: 28°C; Min temperature: 20°C; Condition: Cloudy.",
    "chunk_order_index": 0,
    "full_doc_id": "doc-89c86c345c8b6693e28078597990096a",
    "file_path": "unknown_source",
    "llm_cache_list": [
      "default:extract:14a64bb7c1ca2794626b52fe0b5e6952",
      "default:extract:6b9274e17ff6587cd1bb5156b0080984"
    ],
    "create_time": 1761961163,
    "update_time": 1761961178,
    "_id": "chunk-89c86c345c8b6693e28078597990096a"
  },
  "chunk-e6efabe0f42c51b39704b0fde6e29c31": {
    "tokens": 32,
    "content": "City: Fortaleza; Date: 2024-03-08; Max temperature: 32°C; Min temperature: 26°C; Condition: Sunny.",
    "chunk_order_index": 0,
    "full_doc_id": "doc-e6efabe0f42c51b39704b0fde6e29c31",
    "file_path": "unknown_source",
    "llm_cache_list": [
      "default:extract:13e7ae975568e75ebbe11325d3569577",
      "default:extract:7009928af8e02b9e39f36365292954d7"
    ],
    "create_time": 1761961179,
    "update_time": 1761961195,
    "_id": "chunk-e6efabe0f42c51b39704b0fde6e29c31"
  },
  "chunk-fe58a7f815baadb57f9d21f49f9bb62a": {
    "tokens": 34,
    "content": "City: Porto Alegre; Date: 2024-03-08; Max temperature: 29°C; Min temperature: 20°C; Condition: Cloudy.",
    "chunk_order_index": 0,
    "full_doc_id": "doc-fe58a7f815baadb57f9d21f49f9bb62a",
    "file_path": "unknown_source",
    "llm_cache_list": [
      "default:extract:36022c6fe906ba9d1e7d580509ae2aa9",
      "default:extract:12a8c0603bd97845c2b74639c2328c5d"
    ],
    "create_time": 1761961196,
    "update_time": 1761961208,
    "_id": "chunk-fe58a7f815baadb57f9d21f49f9bb62a"
  },
  "chunk-dea42e707563a664be2e30bd29e86d87": {
    "tokens": 34,
    "content": "City: Manaus; Date: 2024-03-08; Max temperature: 35°C; Min temperature: 27°C; Condition: Cloudy.",
    "chunk_order_index": 0,
    "full_doc_id": "doc-dea42e707563a664be2e30bd29e86d87",
    "file_path": "unknown_source",
    "llm_cache_list": [
      "default:extract:cf1eabae0559e58c523f52041b9ae4f7",
      "default:extract:c26037e3b4280cca41340879c98325bb"
    ],
    "create_time": 1761961208,
    "update_time": 1761961223,
    "_id": "chunk-dea42e707563a664be2e30bd29e86d87"
  },
  "chunk-b235f1f4641f3ef0eaa7ff934ad503ca": {
    "tokens": 32,
    "content": "City: Recife; Date: 2024-03-01; Max temperature: 31°C; Min temperature: 25°C; Condition: Sunny.",
    "chunk_order_index": 0,
    "full_doc_id": "doc-b235f1f4641f3ef0eaa7ff934ad503ca",
    "file_path": "unknown_source",
    "llm_cache_list": [
      "default:extract:6d500a9bc91a83840a840d9a0e69c4ac",
      "default:extract:8259362049f193a56cabf4b0a8925357"
    ],
    "create_time": 1761961223,
    "update_time": 1761961239,
    "_id": "chunk-b235f1f4641f3ef0eaa7ff934ad503ca"
  },
  "chunk-ddcaa5f49a7c81a49e6737547c1edf9c": {
    "tokens": 33,
    "content": "City: Recife; Date: 2024-03-09; Max temperature: 29°C; Min temperature: 24°C; Condition: Rainy.",
    "chunk_order_index": 0,
    "full_doc_id": "doc-ddcaa5f49a7c81a49e6737547c1edf9c",
    "file_path": "unknown_source",
    "llm_cache_list": [
      "default:extract:2c5cd865ffcddbfd03a00d07367d31a2",
      "default:extract:45dd4602dd9c0cc45f0026ae5e871c1a"
    ],
    "create_time": 1761961239,
    "update_time": 1761961252,
    "_id": "chunk-ddcaa5f49a7c81a49e6737547c1edf9c"
  },
  "chunk-da85a979cce88f67b8c8945e47c62e93": {
    "tokens": 34,
    "content": "City: São Paulo; Date: 2024-03-09; Max temperature: 26°C; Min temperature: 19°C; Condition: Rainy.",
    "chunk_order_index": 0,
    "full_doc_id": "doc-da85a979cce88f67b8c8945e47c62e93",
    "file_path": "unknown_source",
    "llm_cache_list": [
      "default:extract:aed47af51585e0a52fc2790cc62c7fc9",
      "default:extract:f349fd1626d979d820ff8648cb8ef456"
    ],
    "create_time": 1761961252,
    "update_time": 1761961267,
    "_id": "chunk-da85a979cce88f67b8c8945e47c62e93"
  },
  "chunk-36124fd1c9a60f50185d236371e545dc": {
    "tokens": 32,
    "content": "City: Fortaleza; Date: 2024-03-09; Max temperature: 33°C; Min temperature: 27°C; Condition: Sunny.",
    "chunk_order_index": 0,
    "full_doc_id": "doc-36124fd1c9a60f50185d236371e545dc",
    "file_path": "unknown_source",
    "llm_cache_list": [
      "default:extract:9aee6602e0cefc68e46a5717fb2c52c9",
      "default:extract:495bf56cc3247c740d43cf73cc280e98"
    ],
    "create_time": 1761961267,
    "update_time": 1761961280,
    "_id": "chunk-36124fd1c9a60f50185d236371e545dc"
  },
  "chunk-33133e5bccb058ffcfc2ad83d8f456c5": {
    "tokens": 34,
    "content": "City: Porto Alegre; Date: 2024-03-09; Max temperature: 26°C; Min temperature: 18°C; Condition: Rainy.",
    "chunk_order_index": 0,
    "full_doc_id": "doc-33133e5bccb058ffcfc2ad83d8f456c5",
    "file_path": "unknown_source",
    "llm_cache_list": [
      "default:extract:798d1d0897282b8ecac8a0a55994f924",
      "default:extract:2be9ba78e6dada5c79669bbf8df8f16c"
    ],
    "create_time": 1761961280,
    "update_time": 1761961293,
    "_id": "chunk-33133e5bccb058ffcfc2ad83d8f456c5"
  },
  "chunk-54225a32912f01f4b36585cf3af274fa": {
    "tokens": 34,
    "content": "City: Manaus; Date: 2024-03-09; Max temperature: 33°C; Min temperature: 26°C; Condition: Rainy.",
    "chunk_order_index": 0,
    "full_doc_id": "doc-54225a32912f01f4b36585cf3af274fa",
    "file_path": "unknown_source",
    "llm_cache_list": [
      "default:extract:b6df8a178b80fe8f2ff7f91735977951",
      "default:extract:d971b4eb33964d73ac3dcb4dcaa61706"
    ],
    "create_time": 1761961293,
    "update_time": 1761961308,
    "_id": "chunk-54225a32912f01f4b36585cf3af274fa"
  },
  "chunk-d26f1b08ed3a8d1d7589b89d65e06673": {
    "tokens": 33,
    "content": "City: Recife; Date: 2024-03-02; Max temperature: 30°C; Min temperature: 25°C; Condition: Cloudy.",
    "chunk_order_index": 0,
    "full_doc_id": "doc-d26f1b08ed3a8d1d7589b89d65e06673",
    "file_path": "unknown_source",
    "llm_cache_list": [
      "default:extract:76d1db5b1f279e50163886d156580e89",
      "default:extract:19f268128a271c86f7bc4da4e6ef9b40"
    ],
    "create_time": 1761961308,
    "update_time": 1761961323,
    "_id": "chunk-d26f1b08ed3a8d1d7589b89d65e06673"
  },
  "chunk-1f70ae048f216d3b09ad59605dc190c1": {
    "tokens": 33,
    "content": "City: Recife; Date: 2024-03-10; Max temperature: 30°C; Min temperature: 24°C; Condition: Cloudy.",
    "chunk_order_index": 0,
    "full_doc_id": "doc-1f70ae048f216d3b09ad59605dc190c1",
    "file_path": "unknown_source",
    "llm_cache_list": [
      "default:extract:705bfd25d395f9d9857687c7ecd04c66",
      "default:extract:e9d69c18ac1d5c3c173d5b1c92d9d711"
    ],
    "create_time": 1761961323,
    "update_time": 1761961337,
    "_id": "chunk-1f70ae048f216d3b09ad59605dc190c1"
  },
  "chunk-681ee3e247d5e5be1ea8f65353b867fb": {
    "tokens": 34,
    "content": "City: São Paulo; Date: 2024-03-10; Max temperature: 25°C; Min temperature: 18°C; Condition: Rainy.",
    "chunk_order_index": 0,
    "full_doc_id": "doc-681ee3e247d5e5be1ea8f65353b867fb",
    "file_path": "unknown_source",
    "llm_cache_list": [
      "default:extract:dfd390fc2676dfc08f905571eeaf1d3e",
      "default:extract:e8daa89d942433816181d7eef428d814"
    ],
    "create_time": 1761961337,
    "update_time": 1761961352,
    "_id": "chunk-681ee3e247d5e5be1ea8f65353b867fb"
  },
  "chunk-0933687748882dfa16397b52fbb7fb3c": {
    "tokens": 33,
    "content": "City: Fortaleza; Date: 2024-03-10; Max temperature: 31°C; Min temperature: 26°C; Condition: Rainy.",
    "chunk_order_index": 0,
    "full_doc_id": "doc-0933687748882dfa16397b52fbb7fb3c",
    "file_path": "unknown_source",
    "llm_cache_list": [
      "default:extract:9d43b7d908af7d71f8e3f823384e45e4",
      "default:extract:8d1a287137be011d648f222e79301da0"
    ],
    "create_time": 1761961352,
    "update_time": 1761961367,
    "_id": "chunk-0933687748882dfa16397b52fbb7fb3c"
  },
  "chunk-9fdf1310119160c14461290db2b1c411": {
    "tokens": 33,
    "content": "City: Porto Alegre; Date: 2024-03-10; Max temperature: 27°C; Min temperature: 19°C; Condition: Sunny.",
    "chunk_order_index": 0,
    "full_doc_id": "doc-9fdf1310119160c14461290db2b1c411",
    "file_path": "unknown_source",
    "llm_cache_list": [
      "default:extract:c9b6eb34f46dc2155030e1eb0ba8d9b2",
      "default:extract:7cf6017a6bb48c83fa5a7bf3656ba911"
    ],
    "create_time": 1761961367,
    "update_time": 1761961386,
    "_id": "chunk-9fdf1310119160c14461290db2b1c411"
  },
  "chunk-532ea7118742bab9fa640d2b5c98b72f": {
    "tokens": 33,
    "content": "City: Manaus; Date: 2024-03-10; Max temperature: 34°C; Min temperature: 26°C; Condition: Sunny.",
    "chunk_order_index": 0,
    "full_doc_id": "doc-532ea7118742bab9fa640d2b5c98b72f",
    "file_path": "unknown_source",
    "llm_cache_list": [
      "default:extract:e1dab712c624295a6bc60d5c0618ac0e",
      "default:extract:b66ee45bc080265b123ed42f1630f66a"
    ],
    "create_time": 1761961386,
    "update_time": 1761961399,
    "_id": "chunk-532ea7118742bab9fa640d2b5c98b72f"
  },
  "chunk-661bc147bdfe53de5883a63ef3ff1d09": {
    "tokens": 33,
    "content": "City: Recife; Date: 2024-03-03; Max temperature: 29°C; Min temperature: 24°C; Condition: Rainy.",
    "chunk_order_index": 0,
    "full_doc_id": "doc-661bc147bdfe53de5883a63ef3ff1d09",
    "file_path": "unknown_source",
    "llm_cache_list": [
      "default:extract:aa6eec45f788a9ea36d14faa04249579",
      "default:extract:0b04c0bface872b70135f349628bab41"
    ],
    "create_time": 1761961399,
    "update_time": 1761961414,
    "_id": "chunk-661bc147bdfe53de5883a63ef3ff1d09"
  },
  "chunk-4d19cd5f15fe65dc2fb09ceea595cf0a": {
    "tokens": 34,
    "content": "City: São Paulo; Date: 2024-03-01; Max temperature: 27°C; Min temperature: 20°C; Condition: Rainy.",
    "chunk_order_index": 0,
    "full_doc_id": "doc-4d19cd5f15fe65dc2fb09ceea595cf0a",
    "file_path": "unknown_source",
    "llm_cache_list": [
      "default:extract:4dd1b5934ad9e4dae7835efaf57ed7ee",
      "default:extract:5677923d4e3d99edf383c672827cc944"
    ],
    "create_time": 1761961414,
    "update_time": 1761961428,
    "_id": "chunk-4d19cd5f15fe65dc2fb09ceea595cf0a"
  },
  "chunk-2af8b8baef6c7fe026f8ae7ac3b62ef0": {
    "tokens": 32,
    "content": "City: Fortaleza; Date: 2024-03-01; Max temperature: 33°C; Min temperature: 26°C; Condition: Sunny.",
    "chunk_order_index": 0,
    "full_doc_id": "doc-2af8b8baef6c7fe026f8ae7ac3b62ef0",
    "file_path": "unknown_source",
    "llm_cache_list": [
      "default:extract:d388b047a02f074313269c731710b1f6",
      "default:extract:09de24d571472192f7cafad24d2f50f7"
    ],
    "create_time": 1761961428,
    "update_time": 1761961446,
    "_id": "chunk-2af8b8baef6c7fe026f8ae7ac3b62ef0"
  },
  "chunk-5595484a71f7b65fed18816757b4e3eb": {
    "tokens": 34,
    "content": "City: Porto Alegre; Date: 2024-03-01; Max temperature: 26°C; Min temperature: 18°C; Condition: Cloudy.",
    "chunk_order_index": 0,
    "full_doc_id": "doc-5595484a71f7b65fed18816757b4e3eb",
    "file_path": "unknown_source",
    "llm_cache_list": [
      "default:extract:1ce6f5b5832315c3fc4b3ce7107794f8",
      "default:extract:257bae555fb7272bcdc619f2aa5443ee"
    ],
    "create_time": 1761961446,
    "update_time": 1761961462,
    "_id": "chunk-5595484a71f7b65fed18816757b4e3eb"
  },
  "chunk-bf1dc8f73200b819d6a832c903f4cace": {
    "tokens": 33,
    "content": "City: Manaus; Date: 2024-03-01; Max temperature: 34°C; Min temperature: 26°C; Condition: Sunny.",
    "chunk_order_index": 0,
    "full_doc_id": "doc-bf1dc8f73200b819d6a832c903f4cace",
    "file_path": "unknown_source",
    "llm_cache_list": [
      "default:extract:cbbe26f83f06eef70f4e31b2bd322c11",
      "default:extract:6a334fe8a84f4e34dd3b40cbb5988f60"
    ],
    "create_time": 1761961462,
    "update_time": 1761961474,
    "_id": "chunk-bf1dc8f73200b819d6a832c903f4cace"
  },
  "chunk-5257d661b1630fafdbbfd0d3cb8fc5d6": {
    "tokens": 34,
    "content": "City: São Paulo; Date: 2024-03-02; Max temperature: 28°C; Min temperature: 21°C; Condition: Cloudy.",
    "chunk_order_index": 0,
    "full_doc_id": "doc-5257d661b1630fafdbbfd0d3cb8fc5d6",
    "file_path": "unknown_source",
    "llm_cache_list": [
      "default:extract:30da74df4a556b0763be44dc4c846d69",
      "default:extract:c3c0c5dd01a14490cadd3db4c463d872"
    ],
    "create_time": 1761961474,
    "update_time": 1761961488,
    "_id": "chunk-5257d661b1630fafdbbfd0d3cb8fc5d6"
  }
}